Task,Owner,Status,Start date,End date,Milestone,Notes,,,
Orders Module Finalization,,Planned,4/24/2026,4/24/2026,4/24/2026,Complete order lifecycle, Test Master, Samples flow fully operational,
Admin Base System,,Planned,4/25/2026,4/25/2026,4/25/2026,Users, Vendors, Roles, Permissions implementation
Patient Master System,,Planned,4/26/2026,4/26/2026,4/26/2026,Patient data + Additional fields synchronization layer,,,
Sunday Rest Day,,OFF,4/27/2026,,,,,,
Universal Report Engine,,Planned,4/28/2026,4/28/2026,4/28/2026,Base report class, PDF pipeline, MongoDB genetic integration,
Procurement Module,,Planned,4/29/2026,4/29/2026,4/29/2026,Basic stock management vendor order tracking,,,
Cardiometabolic Test Report,,Planned,4/30/2026,,4/30/2026,,,,
My Wellness Report,,Planned,4/30/2026,,4/30/2026,,,,
Woman's Health Test Report,,Planned,4/30/2026,,4/30/2026,✅ Day 1: 3 Reports Completed,,,
Men's Health Test Report,,Planned,5/1/2026,,5/1/2026,,,,
My Skin Report,,Planned,5/1/2026,,5/1/2026,,,,
My Immunity Test Report,,Planned,5/1/2026,,5/1/2026,,,,
Eyes Health Test Report,,Planned,5/1/2026,,5/1/2026,,,,
Kidney Health Test Report,,Planned,5/1/2026,,5/1/2026,✅ Day 2: 5 Reports Completed,,,
Autoimmune Report,,Planned,5/2/2026,,5/2/2026,,,,
Sleep Test Report,,Planned,5/2/2026,,5/2/2026,✅ Day 3: 2 Reports Completed,,,
Clopidogrel Sensitivity Report,,Planned,5/3/2026,,5/3/2026,,,,
Statin Report,,Planned,5/3/2026,,5/3/2026,,,,
Warfarin Report,,Planned,5/3/2026,,5/3/2026,,,,
Hypertension-PGx Report,,Planned,5/3/2026,,5/3/2026,✅ Day 4: 4 Reports Completed,,,
✅ ALL 13 REPORTS IMPLEMENTED,,MILESTONE,5/3/2026,5/3/2026,,,,,
Sunday Rest Day,,OFF,5/4/2026,,,,,,
End to End Integration Testing,,Planned,5/5/2026,5/5/2026,,Cross module workflow validation,,,
